{"count":1,"self":9.1139984,"total":22.943448399999998,"children":{"AgentSendState":{"count":7567,"self":0.1867847,"total":0.3056191,"children":{"CollectObservations":{"count":757,"self":0.011022599999999999,"total":0.011022599999999999,"children":null},"CollectDiscreteActionMasks":{"count":757,"self":0.0310211,"total":0.0310211,"children":null},"AgentInfo.ToProto":{"count":757,"self":0.0385591,"total":0.0767907,"children":{"GenerateSensorData":{"count":757,"self":0.0382316,"total":0.0382316,"children":null}}}}},"DecideAction":{"count":7567,"self":12.0603088,"total":12.060308599999999,"children":null},"AgentAct":{"count":7567,"self":1.4425196,"total":1.4595186999999998,"children":{"AgentInfo.ToProto":{"count":104,"self":0.0079931999999999989,"total":0.0169991,"children":{"GenerateSensorData":{"count":104,"self":0.009005899999999999,"total":0.009005899999999999,"children":null}}}}}},"gauges":{"ThreesPlay.CumulativeReward":{"count":104,"max":4.69399929,"min":-0.703,"runningAverage":0.181442231,"value":0.07400012,"weightedAverage":0.272509962}},"metadata":{"timer_format_version":"0.1.0","start_time_seconds":"1619598310","unity_version":"2020.3.4f1","command_line_arguments":"C:\\Program Files\\Unity\\Hub\\Editor\\2020.3.4f1\\Editor\\Unity.exe -projectpath C:\/src\/threes -useHub -hubIPC -cloudEnvironment production -hubSessionId 63cb24d0-a797-11eb-a1ea-595f6710f701 -accessToken Waig934OWgyy7AfGr5mkwdhqxqdNZKm9B-0Jsi5rYTU005f","communication_protocol_version":"1.0.0","com.unity.ml-agents_version":"1.0.7","scene_name":"ThreeScene","end_time_seconds":"1619598332"}}