{"count":1,"self":104.1816448,"total":296.9812146,"children":{"AgentSendState":{"count":215901,"self":2.5915453999999998,"total":4.173221,"children":{"CollectObservations":{"count":21591,"self":0.21766449999999998,"total":0.21766449999999998,"children":null},"CollectDiscreteActionMasks":{"count":21591,"self":0.39586309999999997,"total":0.39586309999999997,"children":null},"AgentInfo.ToProto":{"count":21591,"self":0.52332139999999994,"total":0.968148,"children":{"GenerateSensorData":{"count":21591,"self":0.44482659999999996,"total":0.44482659999999996,"children":null}}}}},"DecideAction":{"count":215901,"self":169.1889536,"total":169.18895759999998,"children":null},"AgentAct":{"count":215901,"self":19.2931184,"total":19.4363873,"children":{"AgentInfo.ToProto":{"count":3031,"self":0.0751675,"total":0.14326899999999998,"children":{"GenerateSensorData":{"count":3031,"self":0.0681015,"total":0.0681015,"children":null}}}}}},"gauges":{"ThreesPlay.CumulativeReward":{"count":3031,"max":0.01999724,"min":-1.82600033,"runningAverage":-0.543332,"value":-0.4620004,"weightedAverage":-0.5201043}},"metadata":{"timer_format_version":"0.1.0","start_time_seconds":"1619453716","unity_version":"2020.3.4f1","command_line_arguments":"C:\\Program Files\\Unity\\Hub\\Editor\\2020.3.4f1\\Editor\\Unity.exe -projectpath C:\/src\/threes -useHub -hubIPC -cloudEnvironment production -hubSessionId a94df550-a599-11eb-bfc7-7dc0baf929a0 -accessToken TBlT7umBvQmXvTQq5nPNbdugcvoAT77c-Be28dBRnt8005f","communication_protocol_version":"1.0.0","com.unity.ml-agents_version":"1.0.7","scene_name":"ThreeScene","end_time_seconds":"1619454013"}}